observation_date,IPG2211A2N,INDPRO,CPIAUCNS
2005-01,109.7843,95.8801,190.7
2005-02,100.4265,96.5761,191.8
2005-03,97.7496,96.4456,193.3
2005-04,85.3841,96.6532,194.6
2005-05,86.0728,96.7402,194.4
2005-06,98.2479,97.1753,194.5
2005-07,107.1747,96.8676,195.4
2005-08,108.3466,97.1833,196.4
2005-09,98.0687,95.3005,198.8
2005-10,88.8222,96.4572,199.2
2005-11,89.2755,97.5414,197.6
2005-12,106.8766,98.0452,196.8
2006-01,103.2467,98.1999,198.3
2006-02,100.1125,98.2413,198.7
2006-03,97.2186,98.4628,199.8
2006-04,86.3931,98.7618,201.5
2006-05,88.8905,98.7869,202.5
2006-06,99.2777,99.0997,202.9
2006-07,109.7055,99.0489,203.5
2006-08,110.3164,99.4836,203.9
2006-09,94.6849,99.3183,202.9
2006-10,89.3318,99.2044,201.8
2006-11,91.2085,99.1627,201.5
2006-12,101.821,100.1735,201.8
2007-01,110.7058,99.8346,202.416
2007-02,110.454,100.7753,203.499
2007-03,97.9823,100.9547,205.352
2007-04,89.6843,101.6334,206.686
2007-05,90.9207,101.7306,207.949
2007-06,99.7503,101.7893,208.352
2007-07,106.3227,101.6672,208.299
2007-08,112.7922,101.863,207.917
2007-09,100.3374,102.0894,208.49
2007-10,91.8884,101.8015,208.936
2007-11,92.7412,102.3446,210.177
2007-12,105.442,102.3803,210.036
2008-01,113.4467,102.2448,211.08
2008-02,106.8984,101.8438,211.693
2008-03,99.2054,101.5336,213.528
2008-04,89.8473,100.8785,214.823
2008-05,90.0774,100.2674,216.632
2008-06,102.6195,100.0335,218.815
2008-07,109.4204,99.676,219.964
2008-08,106.2819,98.1111,219.086
2008-09,96.5447,93.7895,218.783
2008-10,89.8755,94.7219,216.573
2008-11,92.6256,93.4715,212.425
2008-12,108.0176,90.8357,210.228
2009-01,115.3515,88.57,211.143
2009-02,103.092,88.031,212.193
2009-03,96.5375,86.6528,212.709
2009-04,86.9999,85.9344,213.24
2009-05,86.4167,85.0665,213.856
2009-06,96.0944,84.7459,215.693
2009-07,102.6101,85.7027,215.351
2009-08,104.4211,86.6426,215.834
2009-09,93.6745,87.4063,215.969
2009-10,88.0479,87.6419,216.177
2009-11,88.1245,88.0221,216.33
2009-12,109.2273,88.3793,215.949
2010-01,117.4737,89.3426,216.687
2010-02,109.106,89.6779,216.741
2010-03,96.8805,90.2928,217.631
2010-04,84.9776,90.5991,218.009
2010-05,89.4931,91.823,218.178
2010-06,102.9199,91.9928,217.965
2010-07,111.4497,92.3421,218.011
2010-08,111.5623,92.6805,218.312
2010-09,98.8352,92.9537,218.439
2010-10,87.7291,92.6903,218.711
2010-11,91.4364,92.7709,218.803
2010-12,112.8056,93.6787,219.179
2011-01,117.9343,93.4814,220.223
2011-02,105.867,93.1102,221.309
2011-03,97.6831,94.0788,223.467
2011-04,88.0082,93.7749,224.906
2011-05,88.7352,93.888,225.964
2011-06,101.3837,94.172,225.722
2011-07,113.2128,94.636,225.922
2011-08,112.0655,95.2749,226.545
2011-09,98.0976,95.1961,226.889
2011-10,88.9858,95.8568,226.421
2011-11,92.3775,95.8485,226.23
2011-12,105.7794,96.3571,225.672
2012-01,110.2292,96.9318,226.665
2012-02,101.8597,97.2435,227.663
2012-03,92.0263,96.74,229.392
2012-04,86.151,97.4359,230.085
2012-05,91.3542,97.6609,229.815
2012-06,99.6795,97.6663,229.478
2012-07,111.6088,97.8713,229.104
2012-08,108.4356,97.4525,230.379
2012-09,95.393,97.381,231.407
2012-10,88.8972,97.7193,231.317
2012-11,92.8549,98.0777,230.221
2012-12,103.5323,98.3101,229.601
2013-01,113.6169,98.3342,230.28
2013-02,104.9588,98.7941,232.166
2013-03,101.2068,99.1921,232.773
2013-04,89.2832,99.1065,232.531
2013-05,89.3331,99.1839,232.945
2013-06,99.1089,99.3897,233.504
2013-07,108.6244,99.0814,233.596
2013-08,106.7201,99.6543,233.877
2013-09,97.7893,100.161,234.149
2013-10,90.2661,100.082,233.546
2013-11,95.5682,100.3158,233.069
2013-12,111.7132,100.5175,233.049
2014-01,122.2478,100.1599,233.916
2014-02,111.0635,100.9168,234.781
2014-03,102.9009,101.8942,236.293
2014-04,88.4616,101.9928,237.072
2014-05,90.4627,102.3836,237.9
2014-06,100.077,102.735,238.343
2014-07,106.9483,102.9632,238.25
2014-08,106.7093,102.7688,237.852
2014-09,98.875,103.0641,238.031
2014-10,90.7419,103.0764,237.433
2014-11,97.689,103.7126,236.151
2014-12,107.4269,103.7044,234.812
2015-01,118.2529,102.8905,233.707
2015-02,114.5313,102.2335,234.722
2015-03,102.5268,101.8914,236.119
2015-04,87.8375,101.3355,236.599
2015-05,89.3233,100.8883,237.805
2015-06,101.3074,100.571,238.638
2015-07,110.2382,101.2228,238.654
2015-08,109.0313,101.0367,238.316
2015-09,100.2091,100.7547,237.945
2015-10,89.5857,100.2675,237.838
2015-11,90.8252,99.5298,237.336
2015-12,100.7941,99.0417,236.525
2016-01,115.1678,99.5607,236.916
2016-02,104.3867,99.0445,237.111
2016-03,92.8193,98.3096,238.132
2016-04,86.8332,98.6421,239.261
2016-05,88.1173,98.4184,240.229
2016-06,101.858,98.8833,241.018
2016-07,112.473,98.9992,240.628
2016-08,113.7736,98.85,240.849
2016-09,100.7214,98.7457,241.428
2016-10,89.5034,98.7611,241.729
2016-11,91.2202,98.3491,241.353
2016-12,112.2977,99.0214,241.432
2017-01,114.8136,98.7611,242.839
2017-02,98.2095,98.3646,243.603
2017-03,99.6334,99.0137,243.801
2017-04,85.9073,100.0224,244.524
2017-05,89.2038,100.1408,244.733
2017-06,99.1943,100.3471,244.955
2017-07,109.8524,100.1068,244.786
2017-08,106.3908,99.6925,245.519
2017-09,95.8099,99.7954,246.819
2017-10,90.8122,101.0247,246.663
2017-11,95.7451,101.2664,246.669
2017-12,114.4277,101.4644,246.524
2018-01,126.3765,101.4625,247.867
2018-02,106.1893,101.7085,248.991
2018-03,103.124,102.2067,249.554
2018-04,92.4305,103.3329,250.546
2018-05,93.0781,102.4024,251.588
2018-06,103.2583,103.198,251.989
2018-07,113.0917,103.3646,252.006
2018-08,113.0432,104.0327,252.146
2018-09,101.4001,104.1004,252.439
2018-10,94.4822,103.9856,252.885
2018-11,101.3721,104.0681,252.038
2018-12,110.5695,104.0936,251.233
2019-01,120.0523,103.4021,251.712
2019-02,109.9572,102.8371,252.776
2019-03,104.4481,102.8757,254.202
2019-04,88.2562,102.274,255.548
2019-05,92.6229,102.392,256.092
2019-06,99.688,102.4375,256.143
2019-07,113.9184,101.9408,256.571
2019-08,112.3549,102.639,256.558
2019-09,103.1339,102.2917,256.759
2019-10,93.8209,101.4281,257.346
2019-11,99.9757,101.9372,257.208
2019-12,109.9224,101.7003,256.974
2020-01,112.9642,101.0338,257.971
2020-02,106.6215,101.3735,258.678
2020-03,96.5894,97.4078,258.115
2020-04,86.1618,84.5619,256.389
2020-05,87.3211,85.9604,256.394
2020-06,99.7995,91.5934,257.797
2020-07,115.2232,95.0256,259.101
2020-08,111.9557,95.9549,259.918
2020-09,98.0718,95.9669,260.28
2020-10,91.7279,96.7394,260.388
2020-11,92.9805,97.0816,260.229
2020-12,112.6388,98.363,260.474
2021-01,116.9636,98.8822,261.582
2021-02,114.0822,95.6149,263.014
2021-03,98.6955,98.3856,264.877
2021-04,87.6013,98.5587,267.054
2021-05,89.7292,99.4333,269.195
2021-06,104.2295,99.7987,271.696
2021-07,112.5471,100.2519,273.003
2021-08,114.2275,100.0437,273.567
2021-09,100.5499,98.8579,274.31
2021-10,91.6498,100.1861,276.589
2021-11,97.9553,100.8654,277.948
2021-12,108.1547,100.5726,278.802
2022-01,125.6997,100.1856,281.148
2022-02,113.69,100.8064,283.716
2022-03,102.6124,101.3907,287.504
2022-04,91.4014,101.44,289.109
2022-05,94.3437,101.3335,292.296
2022-06,105.0486,101.018,296.311
2022-07,116.0389,101.223,296.276
2022-08,114.7663,101.0963,296.171
2022-09,100.9947,101.2918,296.808
2022-10,91.0951,101.2529,298.012
2022-11,99.8882,100.9552,297.711
2022-12,118.3706,99.7664,296.797
2023-01,116.2027,100.505,299.17
2023-02,106.4369,100.6416,300.84
2023-03,104.8886,101.0205,301.836
2023-04,90.1912,101.253,303.363
2023-05,91.9406,100.9286,304.127
2023-06,101.2823,100.1196,305.109
2023-07,117.4719,100.9067,305.691
2023-08,117.9167,100.8393,307.026
2023-09,104.1996,101.0211,307.789
2023-10,94.3395,100.4689,307.671
2023-11,99.4793,100.8639,307.051
2023-12,109.051,100.6031,306.746
2024-01,124.9361,99.2223,308.417
2024-02,106.316,100.285,310.326
2024-03,98.6056,100.4575,312.332
2024-04,90.8798,100.2434,313.548
2024-05,96.2328,100.863,314.069
2024-06,109.5379,100.894,314.175
2024-07,120.1815,99.9757,314.54
2024-08,118.7029,100.4309,314.796
2024-09,103.8493,99.8084,315.301
2024-10,95.6967,99.4695,315.664
2024-11,98.08,99.2925,315.493
2024-12,115.8877,100.3273,315.605
